{"slideHeight":768,
"filename":"docs talk",
"navigatorEvents":[{"eventName":"Slide 1",
"eventIndex":0}
,{"eventName":"Slide 2",
"eventIndex":1}
,{"eventName":"Slide 3",
"eventIndex":2}
,{"eventName":"Slide 4",
"eventIndex":3}
,{"eventName":"Slide 5",
"eventIndex":4}
,{"eventName":"Slide 6",
"eventIndex":5}
,{"eventName":"Slide 7",
"eventIndex":6}
,{"eventName":"Slide 8",
"eventIndex":7}
,{"eventName":"Slide 9",
"eventIndex":8}
,{"eventName":"Slide 10",
"eventIndex":9}
,{"eventName":"Slide 11",
"eventIndex":10}
,{"eventName":"Slide 12",
"eventIndex":11}
,{"eventName":"Slide 13",
"eventIndex":12}
,{"eventName":"Slide 14",
"eventIndex":13}
,{"eventName":"Slide 15",
"eventIndex":14}
,{"eventName":"Slide 16",
"eventIndex":15}
,{"eventName":"Slide 17",
"eventIndex":16}
,{"eventName":"Slide 18",
"eventIndex":17}
,{"eventName":"Slide 19",
"eventIndex":18}
,{"eventName":"Slide 20",
"eventIndex":19}
,{"eventName":"Slide 21",
"eventIndex":20}
,{"eventName":"Slide 22",
"eventIndex":21}
,{"eventName":"Slide 23",
"eventIndex":22}
,{"eventName":"Slide 24",
"eventIndex":23}
,{"eventName":"Slide 25",
"eventIndex":24}
,{"eventName":"Slide 26",
"eventIndex":25}
,{"eventName":"Slide 27",
"eventIndex":26}
,{"eventName":"Slide 28",
"eventIndex":27}
,{"eventName":"Slide 29",
"eventIndex":28}
,{"eventName":"Slide 30",
"eventIndex":29}
,{"eventName":"Slide 31",
"eventIndex":30}
,{"eventName":"Slide 32",
"eventIndex":31}
,{"eventName":"Slide 33",
"eventIndex":32}
,{"eventName":"Slide 34",
"eventIndex":33}
,{"eventName":"Slide 35",
"eventIndex":34}
,{"eventName":"Slide 36",
"eventIndex":35}
,{"eventName":"Slide 37",
"eventIndex":36}
,{"eventName":"Slide 38",
"eventIndex":37}
,{"eventName":"Slide 39",
"eventIndex":38}
,{"eventName":"Slide 40",
"eventIndex":39}
,{"eventName":"Slide 41",
"eventIndex":40}
,{"eventName":"Slide 42",
"eventIndex":41}
,{"eventName":"Slide 43",
"eventIndex":42}
]
,
"textures":{"s37.b":{"url":"images-1/s37.b.jpeg",
"width":1024,
"height":768}
,
"s34.a":{"url":"images-1/s33.b.jpeg",
"width":1024,
"height":768}
,
"s14.b":{"url":"images-1/s14.b.jpeg",
"width":1024,
"height":768}
,
"s11.a":{"url":"images-1/s10.b.jpeg",
"width":1024,
"height":768}
,
"s1.a":{"url":"images-1/s1.a.jpeg",
"width":1024,
"height":768}
,
"s39.a":{"url":"images-1/s38.b.jpeg",
"width":1024,
"height":768}
,
"s42.b":{"url":"images-1/s42.b.jpeg",
"width":1024,
"height":768}
,
"s16.a":{"url":"images-1/s15.b.jpeg",
"width":1024,
"height":768}
,
"s8.b":{"url":"images-1/s8.b.jpeg",
"width":1024,
"height":768}
,
"s19.b":{"url":"images-1/s19.b.jpeg",
"width":1024,
"height":768}
,
"s24.b":{"url":"images-1/s24.b.jpeg",
"width":1024,
"height":768}
,
"s21.a":{"url":"images-1/s20.b.jpeg",
"width":1024,
"height":768}
,
"s1.b":{"url":"images-1/s1.b.jpeg",
"width":1024,
"height":768}
,
"s29.b":{"url":"images-1/s29.b.jpeg",
"width":1024,
"height":768}
,
"s26.a":{"url":"images-1/s25.b.jpeg",
"width":1024,
"height":768}
,
"s4.a":{"url":"images-1/s3.b.jpeg",
"width":1024,
"height":768}
,
"s34.b":{"url":"images-1/s34.b.jpeg",
"width":1024,
"height":768}
,
"s31.a":{"url":"images-1/s30.b.jpeg",
"width":1024,
"height":768}
,
"s11.b":{"url":"images-1/s11.b.jpeg",
"width":1024,
"height":768}
,
"s39.b":{"url":"images-1/s39.b.jpeg",
"width":1024,
"height":768}
,
"s36.a":{"url":"images-1/s35.b.jpeg",
"width":1024,
"height":768}
,
"s16.b":{"url":"images-1/s16.b.jpeg",
"width":1024,
"height":768}
,
"s13.a":{"url":"images-1/s12.b.jpeg",
"width":1024,
"height":768}
,
"s4.b":{"url":"images-1/s4.b.jpeg",
"width":1024,
"height":768}
,
"s7.a":{"url":"images-1/s6.b.jpeg",
"width":1024,
"height":768}
,
"s41.a":{"url":"images-1/s40.b.jpeg",
"width":1024,
"height":768}
,
"s21.b":{"url":"images-1/s21.b.jpeg",
"width":1024,
"height":768}
,
"s18.a":{"url":"images-1/s17.b.jpeg",
"width":1024,
"height":768}
,
"s26.b":{"url":"images-1/s26.b.jpeg",
"width":1024,
"height":768}
,
"s23.a":{"url":"images-1/s22.b.jpeg",
"width":1024,
"height":768}
,
"s28.a":{"url":"images-1/s27.b.jpeg",
"width":1024,
"height":768}
,
"s31.b":{"url":"images-1/s31.b.jpeg",
"width":1024,
"height":768}
,
"s7.b":{"url":"images-1/s7.b.jpeg",
"width":1024,
"height":768}
,
"s36.b":{"url":"images-1/s36.b.jpeg",
"width":1024,
"height":768}
,
"thumbnail":{"url":"images-1/thumbnail.jpeg",
"width":458,
"height":344}
,
"s33.a":{"url":"images-1/s32.b.jpeg",
"width":1024,
"height":768}
,
"s10.a":{"url":"images-1/s9.b.jpeg",
"width":1024,
"height":768}
,
"s13.b":{"url":"images-1/s13.b.jpeg",
"width":1024,
"height":768}
,
"s38.a":{"url":"images-1/s37.b.jpeg",
"width":1024,
"height":768}
,
"s41.b":{"url":"images-1/s41.b.jpeg",
"width":1024,
"height":768}
,
"s15.a":{"url":"images-1/s14.b.jpeg",
"width":1024,
"height":768}
,
"s3.a":{"url":"images-1/s2.b.jpeg",
"width":1024,
"height":768}
,
"s18.b":{"url":"images-1/s18.b.jpeg",
"width":1024,
"height":768}
,
"s43.a":{"url":"images-1/s42.b.jpeg",
"width":1024,
"height":768}
,
"s23.b":{"url":"images-1/s23.b.jpeg",
"width":1024,
"height":768}
,
"s20.a":{"url":"images-1/s19.b.jpeg",
"width":1024,
"height":768}
,
"s3.b":{"url":"images-1/s3.b.jpeg",
"width":1024,
"height":768}
,
"s25.a":{"url":"images-1/s24.b.jpeg",
"width":1024,
"height":768}
,
"s28.b":{"url":"images-1/s28.b.jpeg",
"width":1024,
"height":768}
,
"s6.a":{"url":"images-1/s5.b.jpeg",
"width":1024,
"height":768}
,
"s33.b":{"url":"images-1/s33.b.jpeg",
"width":1024,
"height":768}
,
"s30.a":{"url":"images-1/s29.b.jpeg",
"width":1024,
"height":768}
,
"s10.b":{"url":"images-1/s10.b.jpeg",
"width":1024,
"height":768}
,
"s38.b":{"url":"images-1/s38.b.jpeg",
"width":1024,
"height":768}
,
"s35.a":{"url":"images-1/s34.b.jpeg",
"width":1024,
"height":768}
,
"s15.b":{"url":"images-1/s15.b.jpeg",
"width":1024,
"height":768}
,
"s12.a":{"url":"images-1/s11.b.jpeg",
"width":1024,
"height":768}
,
"s6.b":{"url":"images-1/s6.b.jpeg",
"width":1024,
"height":768}
,
"s43.b":{"url":"images-1/s43.b.png",
"width":1024,
"height":768}
,
"s40.a":{"url":"images-1/s39.b.jpeg",
"width":1024,
"height":768}
,
"s20.b":{"url":"images-1/s20.b.jpeg",
"width":1024,
"height":768}
,
"s17.a":{"url":"images-1/s16.b.jpeg",
"width":1024,
"height":768}
,
"s9.a":{"url":"images-1/s8.b.jpeg",
"width":1024,
"height":768}
,
"s25.b":{"url":"images-1/s25.b.jpeg",
"width":1024,
"height":768}
,
"s22.a":{"url":"images-1/s21.b.jpeg",
"width":1024,
"height":768}
,
"s2.a":{"url":"images-1/s1.b.jpeg",
"width":1024,
"height":768}
,
"s27.a":{"url":"images-1/s26.b.jpeg",
"width":1024,
"height":768}
,
"s30.b":{"url":"images-1/s30.b.jpeg",
"width":1024,
"height":768}
,
"s9.b":{"url":"images-1/s9.b.jpeg",
"width":1024,
"height":768}
,
"s35.b":{"url":"images-1/s35.b.jpeg",
"width":1024,
"height":768}
,
"s32.a":{"url":"images-1/s31.b.jpeg",
"width":1024,
"height":768}
,
"s12.b":{"url":"images-1/s12.b.jpeg",
"width":1024,
"height":768}
,
"s2.b":{"url":"images-1/s2.b.jpeg",
"width":1024,
"height":768}
,
"s37.a":{"url":"images-1/s36.b.jpeg",
"width":1024,
"height":768}
,
"s17.b":{"url":"images-1/s17.b.jpeg",
"width":1024,
"height":768}
,
"s14.a":{"url":"images-1/s13.b.jpeg",
"width":1024,
"height":768}
,
"s40.b":{"url":"images-1/s40.b.jpeg",
"width":1024,
"height":768}
,
"s5.a":{"url":"images-1/s4.b.jpeg",
"width":1024,
"height":768}
,
"s42.a":{"url":"images-1/s41.b.jpeg",
"width":1024,
"height":768}
,
"s22.b":{"url":"images-1/s22.b.jpeg",
"width":1024,
"height":768}
,
"s19.a":{"url":"images-1/s18.b.jpeg",
"width":1024,
"height":768}
,
"s27.b":{"url":"images-1/s27.b.jpeg",
"width":1024,
"height":768}
,
"s24.a":{"url":"images-1/s23.b.jpeg",
"width":1024,
"height":768}
,
"s5.b":{"url":"images-1/s5.b.jpeg",
"width":1024,
"height":768}
,
"s29.a":{"url":"images-1/s28.b.jpeg",
"width":1024,
"height":768}
,
"s32.b":{"url":"images-1/s32.b.jpeg",
"width":1024,
"height":768}
,
"s8.a":{"url":"images-1/s7.b.jpeg",
"width":1024,
"height":768}
}
,
"title":"docs talk",
"minorVersion":4,
"timestamp":"2013-08-14 14:29:57",
"slideWidth":1024,
"eventTimelines":[{"automaticPlay":false,
"hyperlinks":[]
,
"eventInitialStates":[{"opacity":1,
"affineTransform":[1,0,0,1,0,0]
,
"texture":"s1.b",
"hidden":0}
,{"opacity":1,
"affineTransform":[1,0,0,1,0,0]
,
"texture":"s1.a",
"hidden":0}
]
,
"eventAnimations":[{"effect":"none",
"actions":[{"beginTime":0,
"from":{"scalar":1}
,
"action":"hidden",
"texture":"s1.a",
"to":{"scalar":1}
,
"timingFunction":"linear",
"duration":0.001}
]
,
"duration":0.001,
"animationType":"transition",
"beginTime":0,
"textures":["s1.a"]
}
,{"effect":"none",
"actions":[{"beginTime":0,
"from":{"scalar":0}
,
"action":"hidden",
"texture":"s1.b",
"to":{"scalar":0}
,
"timingFunction":"linear",
"duration":0.001}
]
,
"duration":0.001,
"animationType":"transition",
"beginTime":0,
"textures":["s1.b"]
}
]
,
"textRegions":[{"targetRectangle":{"y":545.5,
"width":501,
"x":442,
"height":204}
,
"text":"Eric Holscher\neric@ericholscher.com\nPDX Python\nAugust 13, 2013"}
,{"targetRectangle":{"y":284,
"width":438,
"x":293,
"height":101}
,
"text":"Writing docs"}
,{"targetRectangle":{"y":400,
"width":710,
"x":157,
"height":43}
,
"text":"A beginners guide to writing documentation"}
]
}
,{"note":"slide-2",
"automaticPlay":false,
"hyperlinks":[]
,
"eventInitialStates":[{"opacity":1,
"affineTransform":[1,0,0,1,0,0]
,
"texture":"s2.b",
"hidden":0}
,{"opacity":1,
"affineTransform":[1,0,0,1,0,0]
,
"texture":"s2.a",
"hidden":0}
]
,
"eventAnimations":[{"effect":"none",
"actions":[{"beginTime":0,
"from":{"scalar":1}
,
"action":"hidden",
"texture":"s2.a",
"to":{"scalar":1}
,
"timingFunction":"linear",
"duration":0.001}
]
,
"duration":0.001,
"animationType":"transition",
"beginTime":0,
"textures":["s2.a"]
}
,{"effect":"none",
"actions":[{"beginTime":0,
"from":{"scalar":0}
,
"action":"hidden",
"texture":"s2.b",
"to":{"scalar":0}
,
"timingFunction":"linear",
"duration":0.001}
]
,
"duration":0.001,
"animationType":"transition",
"beginTime":0,
"textures":["s2.b"]
}
]
,
"textRegions":[{"targetRectangle":{"y":66,
"width":656,
"x":184,
"height":101}
,
"text":"What you should do"}
,{"targetRectangle":{"y":382,
"width":559,
"x":174,
"height":73}
,
"text":"Stop me if anything is unclear"}
,{"targetRectangle":{"y":455,
"width":260,
"x":174,
"height":49}
,
"text":"Ask questions"}
]
}
,{"note":"slide-3",
"automaticPlay":false,
"hyperlinks":[]
,
"eventInitialStates":[{"opacity":1,
"affineTransform":[1,0,0,1,0,0]
,
"texture":"s3.b",
"hidden":0}
,{"opacity":1,
"affineTransform":[1,0,0,1,0,0]
,
"texture":"s3.a",
"hidden":0}
]
,
"eventAnimations":[{"effect":"none",
"actions":[{"beginTime":0,
"from":{"scalar":1}
,
"action":"hidden",
"texture":"s3.a",
"to":{"scalar":1}
,
"timingFunction":"linear",
"duration":0.001}
]
,
"duration":0.001,
"animationType":"transition",
"beginTime":0,
"textures":["s3.a"]
}
,{"effect":"none",
"actions":[{"beginTime":0,
"from":{"scalar":0}
,
"action":"hidden",
"texture":"s3.b",
"to":{"scalar":0}
,
"timingFunction":"linear",
"duration":0.001}
]
,
"duration":0.001,
"animationType":"transition",
"beginTime":0,
"textures":["s3.b"]
}
]
,
"textRegions":[{"targetRectangle":{"y":66,
"width":306,
"x":359,
"height":101}
,
"text":"About me"}
,{"targetRectangle":{"y":382,
"width":276,
"x":174,
"height":73}
,
"text":"Write the Docs"}
,{"targetRectangle":{"y":455,
"width":263,
"x":174,
"height":49}
,
"text":"Read the Docs"}
]
}
,{"note":"slide-4",
"automaticPlay":false,
"hyperlinks":[]
,
"eventInitialStates":[{"opacity":1,
"affineTransform":[1,0,0,1,0,0]
,
"texture":"s4.b",
"hidden":0}
,{"opacity":1,
"affineTransform":[1,0,0,1,0,0]
,
"texture":"s4.a",
"hidden":0}
]
,
"eventAnimations":[{"effect":"none",
"actions":[{"beginTime":0,
"from":{"scalar":1}
,
"action":"hidden",
"texture":"s4.a",
"to":{"scalar":1}
,
"timingFunction":"linear",
"duration":0.001}
]
,
"duration":0.001,
"animationType":"transition",
"beginTime":0,
"textures":["s4.a"]
}
,{"effect":"none",
"actions":[{"beginTime":0,
"from":{"scalar":0}
,
"action":"hidden",
"texture":"s4.b",
"to":{"scalar":0}
,
"timingFunction":"linear",
"duration":0.001}
]
,
"duration":0.001,
"animationType":"transition",
"beginTime":0,
"textures":["s4.b"]
}
]
,
"textRegions":[{"targetRectangle":{"y":66,
"width":568,
"x":228,
"height":101}
,
"text":"What we’ll cover"}
,{"targetRectangle":{"y":346,
"width":288,
"x":174,
"height":73}
,
"text":"Why write docs"}
,{"targetRectangle":{"y":419,
"width":316,
"x":174,
"height":73}
,
"text":"What technology"}
,{"targetRectangle":{"y":492,
"width":256,
"x":174,
"height":49}
,
"text":"What to write"}
]
}
,{"automaticPlay":false,
"hyperlinks":[]
,
"eventInitialStates":[{"opacity":1,
"affineTransform":[1,0,0,1,0,0]
,
"texture":"s5.b",
"hidden":0}
,{"opacity":1,
"affineTransform":[1,0,0,1,0,0]
,
"texture":"s5.a",
"hidden":0}
]
,
"eventAnimations":[{"effect":"none",
"actions":[{"beginTime":0,
"from":{"scalar":1}
,
"action":"hidden",
"texture":"s5.a",
"to":{"scalar":1}
,
"timingFunction":"linear",
"duration":0.001}
]
,
"duration":0.001,
"animationType":"transition",
"beginTime":0,
"textures":["s5.a"]
}
,{"effect":"none",
"actions":[{"beginTime":0,
"from":{"scalar":0}
,
"action":"hidden",
"texture":"s5.b",
"to":{"scalar":0}
,
"timingFunction":"linear",
"duration":0.001}
]
,
"duration":0.001,
"animationType":"transition",
"beginTime":0,
"textures":["s5.b"]
}
]
,
"textRegions":[{"targetRectangle":{"y":334,
"width":522,
"x":251,
"height":101}
,
"text":"Why Write Docs"}
]
}
,{"note":"slide-6",
"automaticPlay":false,
"hyperlinks":[]
,
"eventInitialStates":[{"opacity":1,
"affineTransform":[1,0,0,1,0,0]
,
"texture":"s6.b",
"hidden":0}
,{"opacity":1,
"affineTransform":[1,0,0,1,0,0]
,
"texture":"s6.a",
"hidden":0}
]
,
"eventAnimations":[{"effect":"none",
"actions":[{"beginTime":0,
"from":{"scalar":1}
,
"action":"hidden",
"texture":"s6.a",
"to":{"scalar":1}
,
"timingFunction":"linear",
"duration":0.001}
]
,
"duration":0.001,
"animationType":"transition",
"beginTime":0,
"textures":["s6.a"]
}
,{"effect":"none",
"actions":[{"beginTime":0,
"from":{"scalar":0}
,
"action":"hidden",
"texture":"s6.b",
"to":{"scalar":0}
,
"timingFunction":"linear",
"duration":0.001}
]
,
"duration":0.001,
"animationType":"transition",
"beginTime":0,
"textures":["s6.b"]
}
]
,
"textRegions":[{"targetRectangle":{"y":308,
"width":794,
"x":123,
"height":152}
,
"text":"You will be using your code in 6 months"}
]
}
,{"note":"slide-7",
"automaticPlay":false,
"hyperlinks":[]
,
"eventInitialStates":[{"opacity":1,
"affineTransform":[1,0,0,1,0,0]
,
"texture":"s7.b",
"hidden":0}
,{"opacity":1,
"affineTransform":[1,0,0,1,0,0]
,
"texture":"s7.a",
"hidden":0}
]
,
"eventAnimations":[{"effect":"none",
"actions":[{"beginTime":0,
"from":{"scalar":1}
,
"action":"hidden",
"texture":"s7.a",
"to":{"scalar":1}
,
"timingFunction":"linear",
"duration":0.001}
]
,
"duration":0.001,
"animationType":"transition",
"beginTime":0,
"textures":["s7.a"]
}
,{"effect":"none",
"actions":[{"beginTime":0,
"from":{"scalar":0}
,
"action":"hidden",
"texture":"s7.b",
"to":{"scalar":0}
,
"timingFunction":"linear",
"duration":0.001}
]
,
"duration":0.001,
"animationType":"transition",
"beginTime":0,
"textures":["s7.b"]
}
]
,
"textRegions":[{"targetRectangle":{"y":308,
"width":806,
"x":114,
"height":152}
,
"text":"You want people to use your code"}
]
}
,{"note":"slide-8",
"automaticPlay":false,
"hyperlinks":[]
,
"eventInitialStates":[{"opacity":1,
"affineTransform":[1,0,0,1,0,0]
,
"texture":"s8.b",
"hidden":0}
,{"opacity":1,
"affineTransform":[1,0,0,1,0,0]
,
"texture":"s8.a",
"hidden":0}
]
,
"eventAnimations":[{"effect":"none",
"actions":[{"beginTime":0,
"from":{"scalar":1}
,
"action":"hidden",
"texture":"s8.a",
"to":{"scalar":1}
,
"timingFunction":"linear",
"duration":0.001}
]
,
"duration":0.001,
"animationType":"transition",
"beginTime":0,
"textures":["s8.a"]
}
,{"effect":"none",
"actions":[{"beginTime":0,
"from":{"scalar":0}
,
"action":"hidden",
"texture":"s8.b",
"to":{"scalar":0}
,
"timingFunction":"linear",
"duration":0.001}
]
,
"duration":0.001,
"animationType":"transition",
"beginTime":0,
"textures":["s8.b"]
}
]
,
"textRegions":[{"targetRectangle":{"y":346,
"width":786,
"x":119,
"height":76}
,
"text":"You want people to help out"}
]
}
,{"note":"slide-9",
"automaticPlay":false,
"hyperlinks":[]
,
"eventInitialStates":[{"opacity":1,
"affineTransform":[1,0,0,1,0,0]
,
"texture":"s9.b",
"hidden":0}
,{"opacity":1,
"affineTransform":[1,0,0,1,0,0]
,
"texture":"s9.a",
"hidden":0}
]
,
"eventAnimations":[{"effect":"none",
"actions":[{"beginTime":0,
"from":{"scalar":1}
,
"action":"hidden",
"texture":"s9.a",
"to":{"scalar":1}
,
"timingFunction":"linear",
"duration":0.001}
]
,
"duration":0.001,
"animationType":"transition",
"beginTime":0,
"textures":["s9.a"]
}
,{"effect":"none",
"actions":[{"beginTime":0,
"from":{"scalar":0}
,
"action":"hidden",
"texture":"s9.b",
"to":{"scalar":0}
,
"timingFunction":"linear",
"duration":0.001}
]
,
"duration":0.001,
"animationType":"transition",
"beginTime":0,
"textures":["s9.b"]
}
]
,
"textRegions":[{"targetRectangle":{"y":346,
"width":718,
"x":153,
"height":76}
,
"text":"It makes your code better"}
]
}
,{"note":"slide-10",
"automaticPlay":false,
"hyperlinks":[]
,
"eventInitialStates":[{"opacity":1,
"affineTransform":[1,0,0,1,0,0]
,
"texture":"s10.b",
"hidden":0}
,{"opacity":1,
"affineTransform":[1,0,0,1,0,0]
,
"texture":"s10.a",
"hidden":0}
]
,
"eventAnimations":[{"effect":"none",
"actions":[{"beginTime":0,
"from":{"scalar":1}
,
"action":"hidden",
"texture":"s10.a",
"to":{"scalar":1}
,
"timingFunction":"linear",
"duration":0.001}
]
,
"duration":0.001,
"animationType":"transition",
"beginTime":0,
"textures":["s10.a"]
}
,{"effect":"none",
"actions":[{"beginTime":0,
"from":{"scalar":0}
,
"action":"hidden",
"texture":"s10.b",
"to":{"scalar":0}
,
"timingFunction":"linear",
"duration":0.001}
]
,
"duration":0.001,
"animationType":"transition",
"beginTime":0,
"textures":["s10.b"]
}
]
,
"textRegions":[{"targetRectangle":{"y":308,
"width":552,
"x":244,
"height":152}
,
"text":"You want a (better) community"}
]
}
,{"note":"slide-11",
"automaticPlay":false,
"hyperlinks":[]
,
"eventInitialStates":[{"opacity":1,
"affineTransform":[1,0,0,1,0,0]
,
"texture":"s11.b",
"hidden":0}
,{"opacity":1,
"affineTransform":[1,0,0,1,0,0]
,
"texture":"s11.a",
"hidden":0}
]
,
"eventAnimations":[{"effect":"none",
"actions":[{"beginTime":0,
"from":{"scalar":1}
,
"action":"hidden",
"texture":"s11.a",
"to":{"scalar":1}
,
"timingFunction":"linear",
"duration":0.001}
]
,
"duration":0.001,
"animationType":"transition",
"beginTime":0,
"textures":["s11.a"]
}
,{"effect":"none",
"actions":[{"beginTime":0,
"from":{"scalar":0}
,
"action":"hidden",
"texture":"s11.b",
"to":{"scalar":0}
,
"timingFunction":"linear",
"duration":0.001}
]
,
"duration":0.001,
"animationType":"transition",
"beginTime":0,
"textures":["s11.b"]
}
]
,
"textRegions":[{"targetRectangle":{"y":308,
"width":668,
"x":186,
"height":152}
,
"text":"You want to be a better writer"}
]
}
,{"automaticPlay":false,
"hyperlinks":[]
,
"eventInitialStates":[{"opacity":1,
"affineTransform":[1,0,0,1,0,0]
,
"texture":"s12.b",
"hidden":0}
,{"opacity":1,
"affineTransform":[1,0,0,1,0,0]
,
"texture":"s12.a",
"hidden":0}
]
,
"eventAnimations":[{"effect":"none",
"actions":[{"beginTime":0,
"from":{"scalar":1}
,
"action":"hidden",
"texture":"s12.a",
"to":{"scalar":1}
,
"timingFunction":"linear",
"duration":0.001}
]
,
"duration":0.001,
"animationType":"transition",
"beginTime":0,
"textures":["s12.a"]
}
,{"effect":"none",
"actions":[{"beginTime":0,
"from":{"scalar":0}
,
"action":"hidden",
"texture":"s12.b",
"to":{"scalar":0}
,
"timingFunction":"linear",
"duration":0.001}
]
,
"duration":0.001,
"animationType":"transition",
"beginTime":0,
"textures":["s12.b"]
}
]
,
"textRegions":[{"targetRectangle":{"y":334,
"width":578,
"x":223,
"height":101}
,
"text":"What Technology"}
]
}
,{"note":"slide-13",
"automaticPlay":false,
"hyperlinks":[]
,
"eventInitialStates":[{"opacity":1,
"affineTransform":[1,0,0,1,0,0]
,
"texture":"s13.b",
"hidden":0}
,{"opacity":1,
"affineTransform":[1,0,0,1,0,0]
,
"texture":"s13.a",
"hidden":0}
]
,
"eventAnimations":[{"effect":"none",
"actions":[{"beginTime":0,
"from":{"scalar":1}
,
"action":"hidden",
"texture":"s13.a",
"to":{"scalar":1}
,
"timingFunction":"linear",
"duration":0.001}
]
,
"duration":0.001,
"animationType":"transition",
"beginTime":0,
"textures":["s13.a"]
}
,{"effect":"none",
"actions":[{"beginTime":0,
"from":{"scalar":0}
,
"action":"hidden",
"texture":"s13.b",
"to":{"scalar":0}
,
"timingFunction":"linear",
"duration":0.001}
]
,
"duration":0.001,
"animationType":"transition",
"beginTime":0,
"textures":["s13.b"]
}
]
,
"textRegions":[{"targetRectangle":{"y":346,
"width":390,
"x":317,
"height":76}
,
"text":"Simple is best"}
]
}
,{"note":"slide-14",
"automaticPlay":false,
"hyperlinks":[]
,
"eventInitialStates":[{"opacity":1,
"affineTransform":[1,0,0,1,0,0]
,
"texture":"s14.b",
"hidden":0}
,{"opacity":1,
"affineTransform":[1,0,0,1,0,0]
,
"texture":"s14.a",
"hidden":0}
]
,
"eventAnimations":[{"effect":"none",
"actions":[{"beginTime":0,
"from":{"scalar":1}
,
"action":"hidden",
"texture":"s14.a",
"to":{"scalar":1}
,
"timingFunction":"linear",
"duration":0.001}
]
,
"duration":0.001,
"animationType":"transition",
"beginTime":0,
"textures":["s14.a"]
}
,{"effect":"none",
"actions":[{"beginTime":0,
"from":{"scalar":0}
,
"action":"hidden",
"texture":"s14.b",
"to":{"scalar":0}
,
"timingFunction":"linear",
"duration":0.001}
]
,
"duration":0.001,
"animationType":"transition",
"beginTime":0,
"textures":["s14.b"]
}
]
,
"textRegions":[{"targetRectangle":{"y":346,
"width":288,
"x":368,
"height":76}
,
"text":"Plain Text"}
]
}
,{"automaticPlay":false,
"hyperlinks":[{"url":"http://conf.writethedocs.org",
"targetRectangle":{"y":432.5,
"width":404,
"x":299.1768,
"height":32}
}
,{"url":"http://docs.writethedocs.org",
"targetRectangle":{"y":400.5,
"width":404,
"x":443.1768,
"height":32}
}
]
,
"eventInitialStates":[{"opacity":1,
"affineTransform":[1,0,0,1,0,0]
,
"texture":"s15.b",
"hidden":0}
,{"opacity":1,
"affineTransform":[1,0,0,1,0,0]
,
"texture":"s15.a",
"hidden":0}
]
,
"eventAnimations":[{"effect":"none",
"actions":[{"beginTime":0,
"from":{"scalar":1}
,
"action":"hidden",
"texture":"s15.a",
"to":{"scalar":1}
,
"timingFunction":"linear",
"duration":0.001}
]
,
"duration":0.001,
"animationType":"transition",
"beginTime":0,
"textures":["s15.a"]
}
,{"effect":"none",
"actions":[{"beginTime":0,
"from":{"scalar":0}
,
"action":"hidden",
"texture":"s15.b",
"to":{"scalar":0}
,
"timingFunction":"linear",
"duration":0.001}
]
,
"duration":0.001,
"animationType":"transition",
"beginTime":0,
"textures":["s15.b"]
}
]
,
"textRegions":[{"targetRectangle":{"y":300.5,
"width":836,
"x":94.17676,
"height":166}
,
"text":"Resources\r---------\n\r* Online documentation: http://docs.writethedocs.org/\r* Conference: http://conf.writethedocs.org/"}
,{"targetRectangle":{"y":66,
"width":487,
"x":277,
"height":101}
,
"text":"Basic Example "}
]
}
,{"automaticPlay":false,
"hyperlinks":[]
,
"eventInitialStates":[{"opacity":1,
"affineTransform":[1,0,0,1,0,0]
,
"texture":"s16.b",
"hidden":0}
,{"opacity":1,
"affineTransform":[1,0,0,1,0,0]
,
"texture":"s16.a",
"hidden":0}
]
,
"eventAnimations":[{"effect":"none",
"actions":[{"beginTime":0,
"from":{"scalar":1}
,
"action":"hidden",
"texture":"s16.a",
"to":{"scalar":1}
,
"timingFunction":"linear",
"duration":0.001}
]
,
"duration":0.001,
"animationType":"transition",
"beginTime":0,
"textures":["s16.a"]
}
,{"effect":"none",
"actions":[{"beginTime":0,
"from":{"scalar":0}
,
"action":"hidden",
"texture":"s16.b",
"to":{"scalar":0}
,
"timingFunction":"linear",
"duration":0.001}
]
,
"duration":0.001,
"animationType":"transition",
"beginTime":0,
"textures":["s16.b"]
}
]
,
"textRegions":[{"targetRectangle":{"y":78,
"width":470,
"x":277,
"height":101}
,
"text":"Basic Example"}
]
}
,{"note":"slide-17",
"automaticPlay":false,
"hyperlinks":[]
,
"eventInitialStates":[{"opacity":1,
"affineTransform":[1,0,0,1,0,0]
,
"texture":"s17.b",
"hidden":0}
,{"opacity":1,
"affineTransform":[1,0,0,1,0,0]
,
"texture":"s17.a",
"hidden":0}
]
,
"eventAnimations":[{"effect":"none",
"actions":[{"beginTime":0,
"from":{"scalar":1}
,
"action":"hidden",
"texture":"s17.a",
"to":{"scalar":1}
,
"timingFunction":"linear",
"duration":0.001}
]
,
"duration":0.001,
"animationType":"transition",
"beginTime":0,
"textures":["s17.a"]
}
,{"effect":"none",
"actions":[{"beginTime":0,
"from":{"scalar":0}
,
"action":"hidden",
"texture":"s17.b",
"to":{"scalar":0}
,
"timingFunction":"linear",
"duration":0.001}
]
,
"duration":0.001,
"animationType":"transition",
"beginTime":0,
"textures":["s17.b"]
}
]
,
"textRegions":[{"targetRectangle":{"y":346,
"width":536,
"x":244,
"height":76}
,
"text":"Version Controlled"}
]
}
,{"note":"slide-18",
"automaticPlay":false,
"hyperlinks":[]
,
"eventInitialStates":[{"opacity":1,
"affineTransform":[1,0,0,1,0,0]
,
"texture":"s18.b",
"hidden":0}
,{"opacity":1,
"affineTransform":[1,0,0,1,0,0]
,
"texture":"s18.a",
"hidden":0}
]
,
"eventAnimations":[{"effect":"none",
"actions":[{"beginTime":0,
"from":{"scalar":1}
,
"action":"hidden",
"texture":"s18.a",
"to":{"scalar":1}
,
"timingFunction":"linear",
"duration":0.001}
]
,
"duration":0.001,
"animationType":"transition",
"beginTime":0,
"textures":["s18.a"]
}
,{"effect":"none",
"actions":[{"beginTime":0,
"from":{"scalar":0}
,
"action":"hidden",
"texture":"s18.b",
"to":{"scalar":0}
,
"timingFunction":"linear",
"duration":0.001}
]
,
"duration":0.001,
"animationType":"transition",
"beginTime":0,
"textures":["s18.b"]
}
]
,
"textRegions":[{"targetRectangle":{"y":346,
"width":284,
"x":370,
"height":76}
,
"text":"Canonical"}
]
}
,{"note":"slide-19",
"automaticPlay":false,
"hyperlinks":[]
,
"eventInitialStates":[{"opacity":1,
"affineTransform":[1,0,0,1,0,0]
,
"texture":"s19.b",
"hidden":0}
,{"opacity":1,
"affineTransform":[1,0,0,1,0,0]
,
"texture":"s19.a",
"hidden":0}
]
,
"eventAnimations":[{"effect":"none",
"actions":[{"beginTime":0,
"from":{"scalar":1}
,
"action":"hidden",
"texture":"s19.a",
"to":{"scalar":1}
,
"timingFunction":"linear",
"duration":0.001}
]
,
"duration":0.001,
"animationType":"transition",
"beginTime":0,
"textures":["s19.a"]
}
,{"effect":"none",
"actions":[{"beginTime":0,
"from":{"scalar":0}
,
"action":"hidden",
"texture":"s19.b",
"to":{"scalar":0}
,
"timingFunction":"linear",
"duration":0.001}
]
,
"duration":0.001,
"animationType":"transition",
"beginTime":0,
"textures":["s19.b"]
}
]
,
"textRegions":[{"targetRectangle":{"y":346,
"width":372,
"x":326,
"height":76}
,
"text":"README.md"}
]
}
,{"automaticPlay":false,
"hyperlinks":[{"url":"http://www.markdowntutorial.com",
"targetRectangle":{"y":346,
"width":648,
"x":188,
"height":75}
}
]
,
"eventInitialStates":[{"opacity":1,
"affineTransform":[1,0,0,1,0,0]
,
"texture":"s20.b",
"hidden":0}
,{"opacity":1,
"affineTransform":[1,0,0,1,0,0]
,
"texture":"s20.a",
"hidden":0}
]
,
"eventAnimations":[{"effect":"none",
"actions":[{"beginTime":0,
"from":{"scalar":1}
,
"action":"hidden",
"texture":"s20.a",
"to":{"scalar":1}
,
"timingFunction":"linear",
"duration":0.001}
]
,
"duration":0.001,
"animationType":"transition",
"beginTime":0,
"textures":["s20.a"]
}
,{"effect":"none",
"actions":[{"beginTime":0,
"from":{"scalar":0}
,
"action":"hidden",
"texture":"s20.b",
"to":{"scalar":0}
,
"timingFunction":"linear",
"duration":0.001}
]
,
"duration":0.001,
"animationType":"transition",
"beginTime":0,
"textures":["s20.b"]
}
]
,
"textRegions":[{"targetRectangle":{"y":346,
"width":648,
"x":188,
"height":75}
,
"text":"markdowntutorial.com"}
]
}
,{"note":"slide-21",
"automaticPlay":false,
"hyperlinks":[]
,
"eventInitialStates":[{"opacity":1,
"affineTransform":[1,0,0,1,0,0]
,
"texture":"s21.b",
"hidden":0}
,{"opacity":1,
"affineTransform":[1,0,0,1,0,0]
,
"texture":"s21.a",
"hidden":0}
]
,
"eventAnimations":[{"effect":"none",
"actions":[{"beginTime":0,
"from":{"scalar":1}
,
"action":"hidden",
"texture":"s21.a",
"to":{"scalar":1}
,
"timingFunction":"linear",
"duration":0.001}
]
,
"duration":0.001,
"animationType":"transition",
"beginTime":0,
"textures":["s21.a"]
}
,{"effect":"none",
"actions":[{"beginTime":0,
"from":{"scalar":0}
,
"action":"hidden",
"texture":"s21.b",
"to":{"scalar":0}
,
"timingFunction":"linear",
"duration":0.001}
]
,
"duration":0.001,
"animationType":"transition",
"beginTime":0,
"textures":["s21.b"]
}
]
,
"textRegions":[{"targetRectangle":{"y":283,
"width":788,
"x":126,
"height":202}
,
"text":"Moving beyond a single file"}
]
}
,{"note":"slide-22",
"automaticPlay":false,
"hyperlinks":[]
,
"eventInitialStates":[{"opacity":1,
"affineTransform":[1,0,0,1,0,0]
,
"texture":"s22.b",
"hidden":0}
,{"opacity":1,
"affineTransform":[1,0,0,1,0,0]
,
"texture":"s22.a",
"hidden":0}
]
,
"eventAnimations":[{"effect":"none",
"actions":[{"beginTime":0,
"from":{"scalar":1}
,
"action":"hidden",
"texture":"s22.a",
"to":{"scalar":1}
,
"timingFunction":"linear",
"duration":0.001}
]
,
"duration":0.001,
"animationType":"transition",
"beginTime":0,
"textures":["s22.a"]
}
,{"effect":"none",
"actions":[{"beginTime":0,
"from":{"scalar":0}
,
"action":"hidden",
"texture":"s22.b",
"to":{"scalar":0}
,
"timingFunction":"linear",
"duration":0.001}
]
,
"duration":0.001,
"animationType":"transition",
"beginTime":0,
"textures":["s22.b"]
}
]
,
"textRegions":[{"targetRectangle":{"y":346,
"width":434,
"x":295,
"height":76}
,
"text":"docs/ with files"}
]
}
,{"automaticPlay":false,
"hyperlinks":[{"url":"http://write-the-docs.rtfd.org/sphinx",
"targetRectangle":{"y":557,
"width":616,
"x":242.0884,
"height":49}
}
]
,
"eventInitialStates":[{"opacity":1,
"affineTransform":[1,0,0,1,0,0]
,
"texture":"s23.b",
"hidden":0}
,{"opacity":1,
"affineTransform":[1,0,0,1,0,0]
,
"texture":"s23.a",
"hidden":0}
]
,
"eventAnimations":[{"effect":"none",
"actions":[{"beginTime":0,
"from":{"scalar":1}
,
"action":"hidden",
"texture":"s23.a",
"to":{"scalar":1}
,
"timingFunction":"linear",
"duration":0.001}
]
,
"duration":0.001,
"animationType":"transition",
"beginTime":0,
"textures":["s23.a"]
}
,{"effect":"none",
"actions":[{"beginTime":0,
"from":{"scalar":0}
,
"action":"hidden",
"texture":"s23.b",
"to":{"scalar":0}
,
"timingFunction":"linear",
"duration":0.001}
]
,
"duration":0.001,
"animationType":"transition",
"beginTime":0,
"textures":["s23.b"]
}
]
,
"textRegions":[{"targetRectangle":{"y":346,
"width":202,
"x":411,
"height":76}
,
"text":"Sphinx"}
,{"targetRectangle":{"y":553,
"width":1023,
"x":0.08837891,
"height":57}
,
"text":"See: http://write-the-docs.rtfd.org/sphinx"}
]
}
,{"automaticPlay":false,
"hyperlinks":[]
,
"eventInitialStates":[{"opacity":1,
"affineTransform":[1,0,0,1,0,0]
,
"texture":"s24.b",
"hidden":0}
,{"opacity":1,
"affineTransform":[1,0,0,1,0,0]
,
"texture":"s24.a",
"hidden":0}
]
,
"eventAnimations":[{"effect":"none",
"actions":[{"beginTime":0,
"from":{"scalar":1}
,
"action":"hidden",
"texture":"s24.a",
"to":{"scalar":1}
,
"timingFunction":"linear",
"duration":0.001}
]
,
"duration":0.001,
"animationType":"transition",
"beginTime":0,
"textures":["s24.a"]
}
,{"effect":"none",
"actions":[{"beginTime":0,
"from":{"scalar":0}
,
"action":"hidden",
"texture":"s24.b",
"to":{"scalar":0}
,
"timingFunction":"linear",
"duration":0.001}
]
,
"duration":0.001,
"animationType":"transition",
"beginTime":0,
"textures":["s24.b"]
}
]
,
"textRegions":[{"targetRectangle":{"y":334,
"width":470,
"x":277,
"height":101}
,
"text":"What to write"}
,{"targetRectangle":{"y":633,
"width":921,
"x":51.08838,
"height":57}
,
"text":"See: write-the-docs.rtfd.org/oss"}
]
}
,{"note":"slide-25",
"automaticPlay":false,
"hyperlinks":[]
,
"eventInitialStates":[{"opacity":1,
"affineTransform":[1,0,0,1,0,0]
,
"texture":"s25.b",
"hidden":0}
,{"opacity":1,
"affineTransform":[1,0,0,1,0,0]
,
"texture":"s25.a",
"hidden":0}
]
,
"eventAnimations":[{"effect":"none",
"actions":[{"beginTime":0,
"from":{"scalar":1}
,
"action":"hidden",
"texture":"s25.a",
"to":{"scalar":1}
,
"timingFunction":"linear",
"duration":0.001}
]
,
"duration":0.001,
"animationType":"transition",
"beginTime":0,
"textures":["s25.a"]
}
,{"effect":"none",
"actions":[{"beginTime":0,
"from":{"scalar":0}
,
"action":"hidden",
"texture":"s25.b",
"to":{"scalar":0}
,
"timingFunction":"linear",
"duration":0.001}
]
,
"duration":0.001,
"animationType":"transition",
"beginTime":0,
"textures":["s25.b"]
}
]
,
"textRegions":[{"targetRectangle":{"y":346,
"width":710,
"x":157,
"height":76}
,
"text":"Who are you writing for?"}
]
}
,{"note":"slide-26",
"automaticPlay":false,
"hyperlinks":[]
,
"eventInitialStates":[{"opacity":1,
"affineTransform":[1,0,0,1,0,0]
,
"texture":"s26.b",
"hidden":0}
,{"opacity":1,
"affineTransform":[1,0,0,1,0,0]
,
"texture":"s26.a",
"hidden":0}
]
,
"eventAnimations":[{"effect":"none",
"actions":[{"beginTime":0,
"from":{"scalar":1}
,
"action":"hidden",
"texture":"s26.a",
"to":{"scalar":1}
,
"timingFunction":"linear",
"duration":0.001}
]
,
"duration":0.001,
"animationType":"transition",
"beginTime":0,
"textures":["s26.a"]
}
,{"effect":"none",
"actions":[{"beginTime":0,
"from":{"scalar":0}
,
"action":"hidden",
"texture":"s26.b",
"to":{"scalar":0}
,
"timingFunction":"linear",
"duration":0.001}
]
,
"duration":0.001,
"animationType":"transition",
"beginTime":0,
"textures":["s26.b"]
}
]
,
"textRegions":[{"targetRectangle":{"y":308,
"width":780,
"x":130,
"height":152}
,
"text":"What problem your project solves"}
]
}
,{"note":"slide-27",
"automaticPlay":false,
"hyperlinks":[]
,
"eventInitialStates":[{"opacity":1,
"affineTransform":[1,0,0,1,0,0]
,
"texture":"s27.b",
"hidden":0}
,{"opacity":1,
"affineTransform":[1,0,0,1,0,0]
,
"texture":"s27.a",
"hidden":0}
]
,
"eventAnimations":[{"effect":"none",
"actions":[{"beginTime":0,
"from":{"scalar":1}
,
"action":"hidden",
"texture":"s27.a",
"to":{"scalar":1}
,
"timingFunction":"linear",
"duration":0.001}
]
,
"duration":0.001,
"animationType":"transition",
"beginTime":0,
"textures":["s27.a"]
}
,{"effect":"none",
"actions":[{"beginTime":0,
"from":{"scalar":0}
,
"action":"hidden",
"texture":"s27.b",
"to":{"scalar":0}
,
"timingFunction":"linear",
"duration":0.001}
]
,
"duration":0.001,
"animationType":"transition",
"beginTime":0,
"textures":["s27.b"]
}
]
,
"textRegions":[{"targetRectangle":{"y":346,
"width":562,
"x":231,
"height":76}
,
"text":"Small code example"}
]
}
,{"automaticPlay":false,
"hyperlinks":[]
,
"eventInitialStates":[{"opacity":1,
"affineTransform":[1,0,0,1,0,0]
,
"texture":"s28.b",
"hidden":0}
,{"opacity":1,
"affineTransform":[1,0,0,1,0,0]
,
"texture":"s28.a",
"hidden":0}
]
,
"eventAnimations":[{"effect":"none",
"actions":[{"beginTime":0,
"from":{"scalar":1}
,
"action":"hidden",
"texture":"s28.a",
"to":{"scalar":1}
,
"timingFunction":"linear",
"duration":0.001}
]
,
"duration":0.001,
"animationType":"transition",
"beginTime":0,
"textures":["s28.a"]
}
,{"effect":"none",
"actions":[{"beginTime":0,
"from":{"scalar":0}
,
"action":"hidden",
"texture":"s28.b",
"to":{"scalar":0}
,
"timingFunction":"linear",
"duration":0.001}
]
,
"duration":0.001,
"animationType":"transition",
"beginTime":0,
"textures":["s28.b"]
}
]
,
"textRegions":[{"targetRectangle":{"y":346,
"width":430,
"x":297,
"height":76}
,
"text":"Major Features"}
]
}
,{"note":"slide-29",
"automaticPlay":false,
"hyperlinks":[]
,
"eventInitialStates":[{"opacity":1,
"affineTransform":[1,0,0,1,0,0]
,
"texture":"s29.b",
"hidden":0}
,{"opacity":1,
"affineTransform":[1,0,0,1,0,0]
,
"texture":"s29.a",
"hidden":0}
]
,
"eventAnimations":[{"effect":"none",
"actions":[{"beginTime":0,
"from":{"scalar":1}
,
"action":"hidden",
"texture":"s29.a",
"to":{"scalar":1}
,
"timingFunction":"linear",
"duration":0.001}
]
,
"duration":0.001,
"animationType":"transition",
"beginTime":0,
"textures":["s29.a"]
}
,{"effect":"none",
"actions":[{"beginTime":0,
"from":{"scalar":0}
,
"action":"hidden",
"texture":"s29.b",
"to":{"scalar":0}
,
"timingFunction":"linear",
"duration":0.001}
]
,
"duration":0.001,
"animationType":"transition",
"beginTime":0,
"textures":["s29.b"]
}
]
,
"textRegions":[{"targetRectangle":{"y":346,
"width":690,
"x":167,
"height":76}
,
"text":"Installation Instructions"}
]
}
,{"automaticPlay":false,
"hyperlinks":[]
,
"eventInitialStates":[{"opacity":1,
"affineTransform":[1,0,0,1,0,0]
,
"texture":"s30.b",
"hidden":0}
,{"opacity":1,
"affineTransform":[1,0,0,1,0,0]
,
"texture":"s30.a",
"hidden":0}
]
,
"eventAnimations":[{"effect":"none",
"actions":[{"beginTime":0,
"from":{"scalar":1}
,
"action":"hidden",
"texture":"s30.a",
"to":{"scalar":1}
,
"timingFunction":"linear",
"duration":0.001}
]
,
"duration":0.001,
"animationType":"transition",
"beginTime":0,
"textures":["s30.a"]
}
,{"effect":"none",
"actions":[{"beginTime":0,
"from":{"scalar":0}
,
"action":"hidden",
"texture":"s30.b",
"to":{"scalar":0}
,
"timingFunction":"linear",
"duration":0.001}
]
,
"duration":0.001,
"animationType":"transition",
"beginTime":0,
"textures":["s30.b"]
}
]
,
"textRegions":[{"targetRectangle":{"y":346,
"width":230,
"x":397,
"height":76}
,
"text":"Tutorial"}
]
}
,{"note":"slide-31",
"automaticPlay":false,
"hyperlinks":[]
,
"eventInitialStates":[{"opacity":1,
"affineTransform":[1,0,0,1,0,0]
,
"texture":"s31.b",
"hidden":0}
,{"opacity":1,
"affineTransform":[1,0,0,1,0,0]
,
"texture":"s31.a",
"hidden":0}
]
,
"eventAnimations":[{"effect":"none",
"actions":[{"beginTime":0,
"from":{"scalar":1}
,
"action":"hidden",
"texture":"s31.a",
"to":{"scalar":1}
,
"timingFunction":"linear",
"duration":0.001}
]
,
"duration":0.001,
"animationType":"transition",
"beginTime":0,
"textures":["s31.a"]
}
,{"effect":"none",
"actions":[{"beginTime":0,
"from":{"scalar":0}
,
"action":"hidden",
"texture":"s31.b",
"to":{"scalar":0}
,
"timingFunction":"linear",
"duration":0.001}
]
,
"duration":0.001,
"animationType":"transition",
"beginTime":0,
"textures":["s31.b"]
}
]
,
"textRegions":[{"targetRectangle":{"y":346,
"width":686,
"x":169,
"height":76}
,
"text":"Links to code and issues"}
]
}
,{"note":"slide-32",
"automaticPlay":false,
"hyperlinks":[]
,
"eventInitialStates":[{"opacity":1,
"affineTransform":[1,0,0,1,0,0]
,
"texture":"s32.b",
"hidden":0}
,{"opacity":1,
"affineTransform":[1,0,0,1,0,0]
,
"texture":"s32.a",
"hidden":0}
]
,
"eventAnimations":[{"effect":"none",
"actions":[{"beginTime":0,
"from":{"scalar":1}
,
"action":"hidden",
"texture":"s32.a",
"to":{"scalar":1}
,
"timingFunction":"linear",
"duration":0.001}
]
,
"duration":0.001,
"animationType":"transition",
"beginTime":0,
"textures":["s32.a"]
}
,{"effect":"none",
"actions":[{"beginTime":0,
"from":{"scalar":0}
,
"action":"hidden",
"texture":"s32.b",
"to":{"scalar":0}
,
"timingFunction":"linear",
"duration":0.001}
]
,
"duration":0.001,
"animationType":"transition",
"beginTime":0,
"textures":["s32.b"]
}
]
,
"textRegions":[{"targetRectangle":{"y":308,
"width":602,
"x":219,
"height":152}
,
"text":"Any other way to get support"}
]
}
,{"note":"slide-33",
"automaticPlay":false,
"hyperlinks":[{"url":"http://choosealicense.com",
"targetRectangle":{"y":554,
"width":630,
"x":159.8384,
"height":49}
}
]
,
"eventInitialStates":[{"opacity":1,
"affineTransform":[1,0,0,1,0,0]
,
"texture":"s33.b",
"hidden":0}
,{"opacity":1,
"affineTransform":[1,0,0,1,0,0]
,
"texture":"s33.a",
"hidden":0}
]
,
"eventAnimations":[{"effect":"none",
"actions":[{"beginTime":0,
"from":{"scalar":1}
,
"action":"hidden",
"texture":"s33.a",
"to":{"scalar":1}
,
"timingFunction":"linear",
"duration":0.001}
]
,
"duration":0.001,
"animationType":"transition",
"beginTime":0,
"textures":["s33.a"]
}
,{"effect":"none",
"actions":[{"beginTime":0,
"from":{"scalar":0}
,
"action":"hidden",
"texture":"s33.b",
"to":{"scalar":0}
,
"timingFunction":"linear",
"duration":0.001}
]
,
"duration":0.001,
"animationType":"transition",
"beginTime":0,
"textures":["s33.b"]
}
]
,
"textRegions":[{"targetRectangle":{"y":346,
"width":270,
"x":377,
"height":76}
,
"text":"A license!"}
,{"targetRectangle":{"y":550,
"width":649.5,
"x":155.8384,
"height":57}
,
"text":"Reference: http://choosealicense.com/"}
]
}
,{"automaticPlay":false,
"hyperlinks":[]
,
"eventInitialStates":[{"opacity":1,
"affineTransform":[1,0,0,1,0,0]
,
"texture":"s34.b",
"hidden":0}
,{"opacity":1,
"affineTransform":[1,0,0,1,0,0]
,
"texture":"s34.a",
"hidden":0}
]
,
"eventAnimations":[{"effect":"none",
"actions":[{"beginTime":0,
"from":{"scalar":1}
,
"action":"hidden",
"texture":"s34.a",
"to":{"scalar":1}
,
"timingFunction":"linear",
"duration":0.001}
]
,
"duration":0.001,
"animationType":"transition",
"beginTime":0,
"textures":["s34.a"]
}
,{"effect":"none",
"actions":[{"beginTime":0,
"from":{"scalar":0}
,
"action":"hidden",
"texture":"s34.b",
"to":{"scalar":0}
,
"timingFunction":"linear",
"duration":0.001}
]
,
"duration":0.001,
"animationType":"transition",
"beginTime":0,
"textures":["s34.b"]
}
]
,
"textRegions":[{"targetRectangle":{"y":346,
"width":304,
"x":360,
"height":76}
,
"text":"Changelog"}
]
}
,{"note":"slide-35",
"automaticPlay":false,
"hyperlinks":[]
,
"eventInitialStates":[{"opacity":1,
"affineTransform":[1,0,0,1,0,0]
,
"texture":"s35.b",
"hidden":0}
,{"opacity":1,
"affineTransform":[1,0,0,1,0,0]
,
"texture":"s35.a",
"hidden":0}
]
,
"eventAnimations":[{"effect":"none",
"actions":[{"beginTime":0,
"from":{"scalar":1}
,
"action":"hidden",
"texture":"s35.a",
"to":{"scalar":1}
,
"timingFunction":"linear",
"duration":0.001}
]
,
"duration":0.001,
"animationType":"transition",
"beginTime":0,
"textures":["s35.a"]
}
,{"effect":"none",
"actions":[{"beginTime":0,
"from":{"scalar":0}
,
"action":"hidden",
"texture":"s35.b",
"to":{"scalar":0}
,
"timingFunction":"linear",
"duration":0.001}
]
,
"duration":0.001,
"animationType":"transition",
"beginTime":0,
"textures":["s35.b"]
}
]
,
"textRegions":[{"targetRectangle":{"y":346,
"width":306,
"x":359,
"height":76}
,
"text":"Cookbook*"}
]
}
,{"note":"slide-36",
"automaticPlay":false,
"hyperlinks":[]
,
"eventInitialStates":[{"opacity":1,
"affineTransform":[1,0,0,1,0,0]
,
"texture":"s36.b",
"hidden":0}
,{"opacity":1,
"affineTransform":[1,0,0,1,0,0]
,
"texture":"s36.a",
"hidden":0}
]
,
"eventAnimations":[{"effect":"none",
"actions":[{"beginTime":0,
"from":{"scalar":1}
,
"action":"hidden",
"texture":"s36.a",
"to":{"scalar":1}
,
"timingFunction":"linear",
"duration":0.001}
]
,
"duration":0.001,
"animationType":"transition",
"beginTime":0,
"textures":["s36.a"]
}
,{"effect":"none",
"actions":[{"beginTime":0,
"from":{"scalar":0}
,
"action":"hidden",
"texture":"s36.b",
"to":{"scalar":0}
,
"timingFunction":"linear",
"duration":0.001}
]
,
"duration":0.001,
"animationType":"transition",
"beginTime":0,
"textures":["s36.b"]
}
]
,
"textRegions":[{"targetRectangle":{"y":346,
"width":718,
"x":153,
"height":76}
,
"text":"Community Information*"}
]
}
,{"note":"slide-37",
"automaticPlay":false,
"hyperlinks":[]
,
"eventInitialStates":[{"opacity":1,
"affineTransform":[1,0,0,1,0,0]
,
"texture":"s37.b",
"hidden":0}
,{"opacity":1,
"affineTransform":[1,0,0,1,0,0]
,
"texture":"s37.a",
"hidden":0}
]
,
"eventAnimations":[{"effect":"none",
"actions":[{"beginTime":0,
"from":{"scalar":1}
,
"action":"hidden",
"texture":"s37.a",
"to":{"scalar":1}
,
"timingFunction":"linear",
"duration":0.001}
]
,
"duration":0.001,
"animationType":"transition",
"beginTime":0,
"textures":["s37.a"]
}
,{"effect":"none",
"actions":[{"beginTime":0,
"from":{"scalar":0}
,
"action":"hidden",
"texture":"s37.b",
"to":{"scalar":0}
,
"timingFunction":"linear",
"duration":0.001}
]
,
"duration":0.001,
"animationType":"transition",
"beginTime":0,
"textures":["s37.b"]
}
]
,
"textRegions":[{"targetRectangle":{"y":346,
"width":532,
"x":246,
"height":76}
,
"text":"Design Document*"}
]
}
,{"note":"slide-38",
"automaticPlay":false,
"hyperlinks":[]
,
"eventInitialStates":[{"opacity":1,
"affineTransform":[1,0,0,1,0,0]
,
"texture":"s38.b",
"hidden":0}
,{"opacity":1,
"affineTransform":[1,0,0,1,0,0]
,
"texture":"s38.a",
"hidden":0}
]
,
"eventAnimations":[{"effect":"none",
"actions":[{"beginTime":0,
"from":{"scalar":1}
,
"action":"hidden",
"texture":"s38.a",
"to":{"scalar":1}
,
"timingFunction":"linear",
"duration":0.001}
]
,
"duration":0.001,
"animationType":"transition",
"beginTime":0,
"textures":["s38.a"]
}
,{"effect":"none",
"actions":[{"beginTime":0,
"from":{"scalar":0}
,
"action":"hidden",
"texture":"s38.b",
"to":{"scalar":0}
,
"timingFunction":"linear",
"duration":0.001}
]
,
"duration":0.001,
"animationType":"transition",
"beginTime":0,
"textures":["s38.b"]
}
]
,
"textRegions":[{"targetRectangle":{"y":346,
"width":720,
"x":152,
"height":76}
,
"text":"Contributor information*"}
]
}
,{"note":"slide-39",
"automaticPlay":false,
"hyperlinks":[]
,
"eventInitialStates":[{"opacity":1,
"affineTransform":[1,0,0,1,0,0]
,
"texture":"s39.b",
"hidden":0}
,{"opacity":1,
"affineTransform":[1,0,0,1,0,0]
,
"texture":"s39.a",
"hidden":0}
]
,
"eventAnimations":[{"effect":"none",
"actions":[{"beginTime":0,
"from":{"scalar":1}
,
"action":"hidden",
"texture":"s39.a",
"to":{"scalar":1}
,
"timingFunction":"linear",
"duration":0.001}
]
,
"duration":0.001,
"animationType":"transition",
"beginTime":0,
"textures":["s39.a"]
}
,{"effect":"none",
"actions":[{"beginTime":0,
"from":{"scalar":0}
,
"action":"hidden",
"texture":"s39.b",
"to":{"scalar":0}
,
"timingFunction":"linear",
"duration":0.001}
]
,
"duration":0.001,
"animationType":"transition",
"beginTime":0,
"textures":["s39.b"]
}
]
,
"textRegions":[{"targetRectangle":{"y":66,
"width":380,
"x":322,
"height":101}
,
"text":"Conclusion"}
,{"targetRectangle":{"y":346,
"width":288,
"x":174,
"height":73}
,
"text":"Why write docs"}
,{"targetRectangle":{"y":419,
"width":316,
"x":174,
"height":73}
,
"text":"What technology"}
,{"targetRectangle":{"y":492,
"width":256,
"x":174,
"height":49}
,
"text":"What to write"}
]
}
,{"note":"slide-40",
"automaticPlay":false,
"hyperlinks":[{"url":"http://jacobian.org/writing/great-documentation/",
"targetRectangle":{"y":540,
"width":299,
"x":174,
"height":49}
}
,{"url":"http://jacobian.org/writing/great-documentation/",
"targetRectangle":{"y":491,
"width":635,
"x":174,
"height":49}
}
,{"url":"http://docs.writethedocs.org",
"targetRectangle":{"y":418,
"width":531,
"x":174,
"height":73}
}
,{"url":"http://producingoss.com/en/getting-started.html",
"targetRectangle":{"y":345,
"width":231,
"x":174,
"height":73}
}
,{"url":"http://producingoss.com/en/getting-started.html",
"targetRectangle":{"y":296,
"width":685,
"x":174,
"height":49}
}
]
,
"eventInitialStates":[{"opacity":1,
"affineTransform":[1,0,0,1,0,0]
,
"texture":"s40.b",
"hidden":0}
,{"opacity":1,
"affineTransform":[1,0,0,1,0,0]
,
"texture":"s40.a",
"hidden":0}
]
,
"eventAnimations":[{"effect":"none",
"actions":[{"beginTime":0,
"from":{"scalar":1}
,
"action":"hidden",
"texture":"s40.a",
"to":{"scalar":1}
,
"timingFunction":"linear",
"duration":0.001}
]
,
"duration":0.001,
"animationType":"transition",
"beginTime":0,
"textures":["s40.a"]
}
,{"effect":"none",
"actions":[{"beginTime":0,
"from":{"scalar":0}
,
"action":"hidden",
"texture":"s40.b",
"to":{"scalar":0}
,
"timingFunction":"linear",
"duration":0.001}
]
,
"duration":0.001,
"animationType":"transition",
"beginTime":0,
"textures":["s40.b"]
}
]
,
"textRegions":[{"targetRectangle":{"y":66,
"width":352,
"x":336,
"height":101}
,
"text":"Resources"}
,{"targetRectangle":{"y":296,
"width":685,
"x":174,
"height":122}
,
"text":"http://producingoss.com/en/getting-started.html"}
,{"targetRectangle":{"y":418,
"width":548,
"x":174,
"height":73}
,
"text":"http://docs.writethedocs.org/"}
,{"targetRectangle":{"y":491,
"width":635,
"x":174,
"height":98}
,
"text":"http://jacobian.org/writing/great-documentation/"}
]
}
,{"automaticPlay":false,
"hyperlinks":[]
,
"eventInitialStates":[{"opacity":1,
"affineTransform":[1,0,0,1,0,0]
,
"texture":"s41.b",
"hidden":0}
,{"opacity":1,
"affineTransform":[1,0,0,1,0,0]
,
"texture":"s41.a",
"hidden":0}
]
,
"eventAnimations":[{"effect":"none",
"actions":[{"beginTime":0,
"from":{"scalar":1}
,
"action":"hidden",
"texture":"s41.a",
"to":{"scalar":1}
,
"timingFunction":"linear",
"duration":0.001}
]
,
"duration":0.001,
"animationType":"transition",
"beginTime":0,
"textures":["s41.a"]
}
,{"effect":"none",
"actions":[{"beginTime":0,
"from":{"scalar":0}
,
"action":"hidden",
"texture":"s41.b",
"to":{"scalar":0}
,
"timingFunction":"linear",
"duration":0.001}
]
,
"duration":0.001,
"animationType":"transition",
"beginTime":0,
"textures":["s41.b"]
}
]
,
"textRegions":[{"targetRectangle":{"y":66,
"width":396,
"x":314,
"height":101}
,
"text":"Interested?"}
,{"targetRectangle":{"y":382,
"width":704,
"x":174,
"height":73}
,
"text":"Thinking about starting a doc meetup"}
,{"targetRectangle":{"y":455,
"width":743,
"x":174,
"height":49}
,
"text":"groups.google.com/group/write-the-docs"}
]
}
,{"automaticPlay":false,
"hyperlinks":[]
,
"eventInitialStates":[{"opacity":1,
"affineTransform":[1,0,0,1,0,0]
,
"texture":"s42.b",
"hidden":0}
,{"opacity":1,
"affineTransform":[1,0,0,1,0,0]
,
"texture":"s42.a",
"hidden":0}
]
,
"eventAnimations":[{"effect":"none",
"actions":[{"beginTime":0,
"from":{"scalar":1}
,
"action":"hidden",
"texture":"s42.a",
"to":{"scalar":1}
,
"timingFunction":"linear",
"duration":0.001}
]
,
"duration":0.001,
"animationType":"transition",
"beginTime":0,
"textures":["s42.a"]
}
,{"effect":"none",
"actions":[{"beginTime":0,
"from":{"scalar":0}
,
"action":"hidden",
"texture":"s42.b",
"to":{"scalar":0}
,
"timingFunction":"linear",
"duration":0.001}
]
,
"duration":0.001,
"animationType":"transition",
"beginTime":0,
"textures":["s42.b"]
}
]
,
"textRegions":[{"targetRectangle":{"y":24,
"width":501,
"x":270,
"height":202}
,
"text":"This is a living document"}
,{"targetRectangle":{"y":346,
"width":504,
"x":174,
"height":73}
,
"text":"It will be edited and live on"}
,{"targetRectangle":{"y":419,
"width":569,
"x":174,
"height":73}
,
"text":"Other people can give this talk"}
,{"targetRectangle":{"y":492,
"width":737,
"x":174,
"height":49}
,
"text":"Create an intermediate & advanced talk"}
]
}
,{"automaticPlay":false,
"hyperlinks":[{"url":"mailto:eric@ericholscher.com",
"targetRectangle":{"y":492,
"width":266,
"x":183,
"height":49}
}
,{"url":"mailto:eric@ericholscher.com",
"targetRectangle":{"y":419,
"width":432,
"x":183,
"height":73}
}
]
,
"eventInitialStates":[{"opacity":1,
"affineTransform":[1,0,0,1,0,0]
,
"texture":"s43.b",
"hidden":0}
,{"opacity":1,
"affineTransform":[1,0,0,1,0,0]
,
"texture":"s43.a",
"hidden":0}
]
,
"eventAnimations":[{"effect":"none",
"actions":[{"beginTime":0,
"from":{"scalar":1}
,
"action":"hidden",
"texture":"s43.a",
"to":{"scalar":1}
,
"timingFunction":"linear",
"duration":0.001}
]
,
"duration":0.001,
"animationType":"transition",
"beginTime":0,
"textures":["s43.a"]
}
,{"effect":"none",
"actions":[{"beginTime":0,
"from":{"scalar":0}
,
"action":"hidden",
"texture":"s43.b",
"to":{"scalar":0}
,
"timingFunction":"linear",
"duration":0.001}
]
,
"duration":0.001,
"animationType":"transition",
"beginTime":0,
"textures":["s43.b"]
}
]
,
"textRegions":[{"targetRectangle":{"y":66,
"width":720,
"x":152,
"height":101}
,
"text":"Questions & Feedback"}
,{"targetRectangle":{"y":346,
"width":261,
"x":183,
"height":73}
,
"text":"Here and now"}
,{"targetRectangle":{"y":419,
"width":425,
"x":183,
"height":73}
,
"text":"eric@ericholscher.com"}
,{"targetRectangle":{"y":492,
"width":266,
"x":183,
"height":49}
,
"text":"@ericholscher"}
]
}
]
,
"loopSlideshow":0,
"showMode":0,
"majorVersion":0,
"notes":{"slide-3":"Been involved in hosting documentation for a while, and now trying to get a community around docs started. A big part of this is trying to improve information around documentation, how it’s done, and building resources for people to use.",
"slide-35":"Show common places where people can extend/augment the project. This is a good place for people who want to contribute to go to, so they know where to start diving into the code.",
"slide-29":"How a person can install the project.",
"slide-39":"Go over what we’ve covered at a high level.",
"slide-19":"Start with GitHub.",
"slide-4":"Basic overview for people, so they know what we’re doing here.",
"slide-32":"Have at least your email address or other information about where a user can talk to a real person.",
"slide-22":"You can just put a bunch of files in a docs/ directory that GitHub will render.",
"slide-36":"Where do people who use the software hang out? Mailing list? IRC Channel?",
"slide-26":"A simple 1 or 2 sentence explanation in plain English. ",
"slide-33":"BSD, MIT, Apache, or GPL please. Go with whatever your community generally does.",
"slide-6":"Coming back to code you have written previously is a lot of a new person using your code. you forget how it works, and generally just want to get your work done.",
"slide-37":"This is where you explain why you have done what you’ve done in the code. It’s the place where you might catch inconsistencies or slight bits of crazy in your design.",
"slide-13":"For beginners, the simplest possible thing that can possibly work.",
"slide-27":"Make it expressive, and have the vibe of general usage.",
"slide-40":"These documents should help you get started writing, and explain this in a lot more depth.",
"slide-7":"People are a lot less likely to use code that doesn’t have documentation.",
"slide-17":"Commit it to your VCS so that it stays around.",
"slide-10":"What's the top reason? Community building, interesting enough. Good documentation, like good fences, apparently makes for good communities.\n\nhttp://news.cnet.com/8301-13505_3-9730675-16.html#!",
"slide-8":"People help out once they use your code. Once they use it, they want to help fix things. Having contributor documentation makes this process a lot easier.",
"slide-38":"Include information about how to write patches, code review practices, and any other development specific criteria. This makes it so people don’t spend time writing code that won’t be accepted into the project.",
"slide-14":"Write it in your editor just like the code files",
"slide-2":"This should make people feel comfortable speaking up if they don’t understand something. Expressing this explicitly is important, otherwise people won’t do it (and still might not even when asked to explicitly).",
"slide-9":"Writing docs for your code makes you think about the design. If it isn’t easy to explain to other people, it’s likely not going to be easy to code, or make correct in the long term. Writing down your intent also makes it a lot easier for other people to contribute.",
"slide-18":"Don’t put a bunch of stuff into scattered blog posts. Keep it in one place, and own it.",
"slide-21":"Advanced usage. Only talk about this to give people a path, and don’t go in depth.",
"slide-31":"These are important for anyone who wants to contribute.",
"slide-11":"There’s only one way to get better at something. Doing it more!",
"slide-25":"Answer this question first. Generally you have at least 2 audiences:\n\n* Other Developers/Contributors\n* Users"}
,
"creator":"Apple Keynote 5.3",
"author":"",
"comment":"",
"pageCount":43,
"scalefactor480":0.3310547,
"slideCount":43}
